Type,Name
Hobbies,Video games
Hobbies,Music
Hobbies,Photography
Hobbies,Gardening
Hobbies,Fishing
Hobbies,Dancing
Hobbies,Cooking
Hobbies,Art
Sports,Volleyball
Sports,Tennis
Sports,Swimming
Sports,Soccer
Sports,Skiing
Sports,Reading
Sports,Lacrosse
Sports,Hockey
Sports,Golf
Sports,Football
Sports,Fencing
Sports,Basketball
Sports,Baseball
TV Genre,Drama
TV Genre,Anime
TV Genre,Action
TV Genre,Comedy
TV Genre,Fantasy
TV Genre,Reality TV
TV Genre,True Crime
TV Genre,Cooking
TV Genre,Horror
TV Genre,Romance
TV Genre,Soap Opera
TV Genre,Mystery
TV Genre,Game Shows
TV Genre,Thriller
Book Genre,Fantasy
Book Genre,Science Fiction
Book Genre,Dystopian
Book Genre,Action/Adventure
Book Genre,Mystery
Book Genre,Horror
Book Genre,Thriller
Book Genre,Historical Fiction
Book Genre,Romance
Book Genre,Comedy
Book Genre,Philosophy
Book Genre,Manga
Book Genre,History
Hobbies,Reading
Hobbies,Acting
Hobbies,Travelling
Hobbies,Volunteer Work
Hobbies,Chess
Hobbies,Camping
Hobbies,Wandering Walmart